ID,Файл(ы),Тип,Угол,Оффер,Основной текст (Primary text),Заголовок (Headline),Описание (Description),Кнопка (CTA),Ссылка (с UTM)
E1,E1-ne-listaet-a-sozdaet_4x5.png / _9x16.png,картинка,Эмоции родителей,A · цена 3000 ₸,"Часами в ленте — а мог бы делать своё приложение. 📱➡️💻

На пробном уроке Alfa Z подросток за 60 минут напишет первый рабочий код вместе с живым ментором. Онлайн, 3000 ₸, без обязательств.

Запишитесь сегодня — время подберём в WhatsApp 👇",Пробный урок программирования — 3000 ₸,60 минут · онлайн · живой ментор,Записаться,https://alfa-z.kz/trial-ru?utm_source=instagram&utm_medium=paid_social&utm_campaign=trial_parents_35-48&utm_content=E1-ne-listaet-a-sozdaet
E2,E2-mam-smotri_4x5.png / _9x16.png,картинка,Эмоции родителей,B · без обязательств (цена в кнопке),"«Мам, смотри, что я сделал!» — такие моменты начинаются с одного урока. 🧡

Пробный урок Alfa Z: 60 минут онлайн, живой ментор и свой рабочий мини-проект в конце. Не понравится — продолжать не нужно.

Запишитесь сегодня — подберём удобное время 👇",Первый проект — за 60 минут,Пробный урок · 3000 ₸,Записаться,https://alfa-z.kz/trial-ru?utm_source=instagram&utm_medium=paid_social&utm_campaign=trial_parents_35-48&utm_content=E2-mam-smotri
F1,F1-professiya-zagruzka_4x5.png / _9x16.png,картинка,Будущее ребёнка,"C · диагностика («поймёте, его ли это»)","Скоро выбирать профессию, а он не знает, чем хочет заниматься? 🤔

Не гадайте месяцами. За один урок подросток попробует настоящий код, и вы вместе поймёте, зажигает ли его IT. 60 минут, онлайн, 3000 ₸ — и никаких обязательств.","Поймите за 60 минут, его ли это",Профориентация в IT · 12–17 лет,Записаться,https://alfa-z.kz/trial-ru?utm_source=instagram&utm_medium=paid_social&utm_campaign=trial_parents_35-48&utm_content=F1-professiya-zagruzka
F2,F2-rezyume-v-18_4x5.png / _9x16.png,картинка,Будущее ребёнка,B · без обязательств (60 мин),"Какое резюме будет у вашего ребёнка в 18 лет? 📄

Проекты на GitHub, сертификаты, умение работать с AI — портфолио собирают годами, и начать можно с одного урока. Пробный урок: 60 минут онлайн, без обязательств.

Напишите нам в WhatsApp — подскажем, с чего начать 👇",Портфолио начинается с одного урока,Онлайн · подростки 12–17 лет,Записаться,https://alfa-z.kz/trial-ru?utm_source=instagram&utm_medium=paid_social&utm_campaign=trial_parents_35-48&utm_content=F2-rezyume-v-18
U1,U1-nastoyashaya-programma_4x5.png / _9x16.png,картинка,Польза программирования,D · «что входит» (ценность),"Не хобби-кружок, а настоящая IT-программа. ✅

• программа на базе Гарвардского CS50
• преподаватели-практики из IT-компаний
• группы до 8 человек, ментор на связи 24/7
• отчёты о прогрессе — родителям

Начните с пробного урока: 60 минут онлайн, 3000 ₸.",Программа на базе Гарвардского CS50,Школа программирования · 12–17 лет,Подробнее,https://alfa-z.kz/trial-ru?utm_source=instagram&utm_medium=paid_social&utm_campaign=trial_parents_35-48&utm_content=U1-nastoyashaya-programma
U2,U2-odin-urok-odin-proekt_4x5.png / _9x16.png,картинка,Польза программирования,A · цена 3000 ₸ + «дешевле кино»,"60 минут — и у вашего подростка свой первый проект. 🚀

Живой ментор, онлайн, опыт не нужен. Пробный урок стоит 3000 ₸ — дешевле, чем сходить в кино вдвоём. На курсах подростки создают сайты, ботов, приложения и игры.",Свой первый проект за 60 минут,Пробный урок · 3000 ₸,Записаться,https://alfa-z.kz/trial-ru?utm_source=instagram&utm_medium=paid_social&utm_campaign=trial_parents_35-48&utm_content=U2-odin-urok-odin-proekt
M1,M1-ai-uzhe-pishet-kod_4x5.png / _9x16.png,картинка,Страх упустить,A · цена 3000 ₸,"AI уже пишет код. Вопрос — кто будет им управлять: ваш ребёнок или кто-то другой? 🤖

Мы открыто учим подростков работать с AI, а не делаем вид, что его нет. Начните с пробного урока: 60 минут онлайн, 3000 ₸, без обязательств.","Пусть управляет AI, а не наоборот",Пробный урок · 60 минут,Записаться,https://alfa-z.kz/trial-ru?utm_source=instagram&utm_medium=paid_social&utm_campaign=trial_parents_35-48&utm_content=M1-ai-uzhe-pishet-kod
M2,M2-god-projdet_4x5.png / _9x16.png,картинка,Страх упустить,B · без обязательств,"Год пройдёт в любом случае. Вопрос — с чем ваш подросток придёт к его концу: с ещё сотнями часов в ленте или с проектом в портфолио?

Начните с пробного урока: 60 минут онлайн, без обязательств. Время подберём под вас.",Год с проектом — или без?,Пробный урок · онлайн,Записаться,https://alfa-z.kz/trial-ru?utm_source=instagram&utm_medium=paid_social&utm_campaign=trial_parents_35-48&utm_content=M2-god-projdet
C1,C1-lyubit-igrat_4x5.png / _9x16.png,картинка,Интерес ребёнка,A · цена 3000 ₸,"Любит играть? Пусть научится делать свои игры. 🎮

На курсах Alfa Z подростки создают игры, приложения и сайты — а не только пользуются чужими. Начните с пробного урока: 60 минут онлайн, 3000 ₸.",Пусть создаст свою игру,Пробный урок · 3000 ₸,Записаться,https://alfa-z.kz/trial-ru?utm_source=instagram&utm_medium=paid_social&utm_campaign=trial_parents_35-48&utm_content=C1-lyubit-igrat
C2,C2-ego-proekt-na-scene_4x5.png / _9x16.png,картинка,Интерес ребёнка,A · цена 3000 ₸ + доказательство,"На республиканском хакатоне, который мы провели в Astana IT University, школьники получали сертификаты до 150 000 ₸ за свои проекты. 🏆

Пусть ваш ребёнок научится создавать своё. Пробный урок: 60 минут онлайн, 3000 ₸.","Хакатоны, проекты, портфолио",Школа программирования · 12–17 лет,Подробнее,https://alfa-z.kz/trial-ru?utm_source=instagram&utm_medium=paid_social&utm_campaign=trial_parents_35-48&utm_content=C2-ego-proekt-na-scene
V1,v1-zritel-sozdatel.mp4,видео 25 с,Эмоции + интерес ребёнка,A · цена 3000 ₸,"Он снова в телефоне? А если этот час — не листать, а создавать? ✨

За 60 минут на пробном уроке Alfa Z подросток напишет первый рабочий код с живым ментором. Опыт не нужен, онлайн, 3000 ₸ — дешевле, чем сходить в кино вдвоём. Не понравится — никаких обязательств.

Запишитесь сегодня 👇",Из зрителя — в создателя,Пробный урок · 3000 ₸,Записаться,https://alfa-z.kz/trial-ru?utm_source=instagram&utm_medium=paid_social&utm_campaign=trial_parents_35-48&utm_content=v1-zritel-sozdatel
V2,v2-professiya-zagruzka.mp4,видео 25 с,Будущее + страх упустить,C · диагностика + цена 3000 ₸,"Кем станет ваш ребёнок? AI уже пишет код — вопрос, кто будет им управлять. 🤖

Alfa Z — школа программирования для подростков 12–17 лет: программа на базе Гарвардского CS50, резидент Astana Hub, живой ментор, группы до 8 человек. Начните с пробного урока — 60 минут онлайн, 3000 ₸.",Профессия: загрузка… Ускорьте,Пробный урок · 60 минут,Записаться,https://alfa-z.kz/trial-ru?utm_source=instagram&utm_medium=paid_social&utm_campaign=trial_parents_35-48&utm_content=v2-professiya-zagruzka
