№,Угол,Заголовок KZ,Текст KZ,CTA KZ,Заголовок RU,Текст RU,CTA RU,Кнопка Ads Manager
1,Голос заботы,"Мама, уайымдамаңыз — IT-де біз балаңызбен біргеміз","Ұстаз қазір IT-компанияда жұмыс істейді. Сынақ сабақ: 60 минут, онлайн, 3000 ₸.",Сынақ сабаққа жазылу,"Мама, не волнуйтесь — в IT мы рядом с вашим ребёнком","Преподаватель сейчас работает в IT-компании. Пробный урок: 60 минут, онлайн, 3000 ₸.",Записаться на пробный урок,Записаться
2,Голос заботы,Қиын болмас па?,Нөлден бастаймыз. Ешкім сабақта тұрып қалмайды — ментор 24/7 байланыста.,Сынақ сабақтан бастаңыз,Будет сложно?,Начинаем с нуля. Никто не застревает на уроке — ментор на связи 24/7.,Начните с пробного урока,Записаться
3,Голос заботы,Оны кім үйретеді? Теоретик емес — нағыз әзірлеуші,Әр ұстаз қазір IT-компанияда жұмыс істейді. Сынақ сабақта танысыңыз.,Ұстазбен танысу,Кто будет учить? Не теоретик — настоящий разработчик,Каждый преподаватель сейчас работает в IT-компании. Познакомьтесь на пробном уроке.,Познакомиться с преподавателем,Записаться
4,Голос заботы,Онлайн қауіпсіз бе? Біз үшін бұл — басты сұрақ,"Сабақта бәрінің камерасы қосулы, топта 8-ге дейін оқушы, ұстаз әрқайсысын көреді.",Сынақ сабаққа жазылу,Безопасно ли онлайн? Для нас это главный вопрос,"На уроке камеры включены у всех, в группе до 8 учеников, преподаватель видит каждого.",Записаться на пробный урок,Записаться
5,Голос заботы,"Қиындап кетсе, кім көмектеседі? Ментор — 24/7 байланыста",Аптасына 2 тірі сабақ + жазбалар. Сұрақ сабақтан кейін де жауапсыз қалмайды.,WhatsApp-қа жазыңыз,Станет трудно — кто поможет? Ментор на связи 24/7,2 живых занятия в неделю + записи. Вопрос не останется без ответа и после урока.,Написать в WhatsApp,Отправить сообщение (WhatsApp)
6,Голос заботы,IT жолында балаңыз жалғыз емес,"Ұстаз, ментор және 8-ге дейінгі шағын топ — әр қадамда қасында.",Сынақ сабаққа жазылу,На пути в IT ваш ребёнок не один,"Преподаватель, ментор и маленькая группа до 8 человек — рядом на каждом шаге.",Записаться на пробный урок,Записаться
7,Преподаватель-практик,"Күндіз — IT-компанияда, кешке — балаңыздың ұстазы","Сабақта — оқулықтағы теория емес, нақты тәжірибе. Сынақ сабақ — 3000 ₸.",Сынақ сабаққа жазылу,"Днём — в IT-компании, вечером — преподаватель вашего ребёнка","На уроке — не теория из учебника, а реальная практика. Пробный урок — 3000 ₸.",Записаться на пробный урок,Записаться
8,Преподаватель-практик,Теоретиктер емес. Нағыз әзірлеушілер,Әр ұстаз қазір IT-компанияда жұмыс істейді. Сынақ сабақ соңында — жұмыс істейтін мини-жоба.,Баланы сынақ сабаққа жазыңыз,Не теоретики. Настоящие разработчики,Каждый преподаватель сейчас работает в IT-компании. В конце пробного урока — работающий мини-проект.,Записать ребёнка на пробный урок,Записаться
9,Преподаватель-практик,IT туралы — IT-де жұмыс істейтін адамнан сұраңыз,Сынақ сабақ соңында — «әрі қарай не?» деген сұраққа нақты жауап.,Сынақ сабаққа жазылу,"Об IT — спросите того, кто в нём работает",В конце пробного урока — понятный ответ на вопрос «а что дальше?».,Записаться на пробный урок,Записаться
10,Преподаватель-практик,Видеокурс емес — нағыз мектеп,"Тірі ұстаз, аптасына 2 сабақ, 8-ге дейінгі топ. Сұраққа сабақ үстінде жауап береді.",Сынақ сабаққа жазылу,Не видеокурс — настоящая школа,"Живой преподаватель, 2 занятия в неделю, группа до 8. На вопросы отвечает прямо на уроке.",Записаться на пробный урок,Записаться
11,Курс: веб,Балаңыздың алғашқы сайты — интернетте,"Веб-әзірлеу (12 жастан): бағдарлама бойынша 3 аптада — жұмыс істейтін сайт, соңында — React-қосымша.",Сынақ сабаққа жазылу,Первый сайт вашего ребёнка — в интернете,"Веб-разработка (с 12 лет): по программе через 3 недели — работающий сайт, в финале — React-приложение.",Записаться на пробный урок,Записаться
12,Курс: мобильная,Телефондағы қосымша — өз қолымен жасалған,"Мобильді әзірлеу: бағдарлама бойынша 3 аптада — алғашқы қосымша, курс соңында — портфолиода 5 қосымша.",Сынақ сабаққа жазылу,Приложение в телефоне — сделанное своими руками,"Мобильная разработка: по программе через 3 недели — первое приложение, к концу курса — 5 приложений в портфолио.",Записаться на пробный урок,Записаться
13,Курс: геймдев,Ойынды ойнаудан — ойын жасауға,"Unity-де геймдев: C# нөлден, бағдарлама бойынша 3 аптада — алғашқы 2D ойын, сілтемемен достарына жібереді.",Сынақ сабаққа жазылу,От «играть» — к «создавать игры»,"Геймдев на Unity: C# с нуля, по программе через 3 недели — первая 2D-игра, которую можно отправить друзьям по ссылке.",Записаться на пробный урок,Записаться
14,Курс: бэкенд,"Бот, сервер, дерекқор — қосымшалардың «миы»",Python-дағы бэкенд: бағдарлама бойынша 3 аптада — 24/7 жұмыс істейтін Telegram-бот.,Сынақ сабаққа жазылу,"Бот, сервер, база данных — «мозг» приложений","Бэкенд на Python: по программе через 3 недели — Telegram-бот, который работает 24/7.",Записаться на пробный урок,Записаться
15,Курс: CS50,Кез келген тілге іргетас — Гарвардтың CS50 курсы негізінде,"Computer Science-тің нағыз іргетасы: 49 сабақ, 11 модуль. Үйірме емес — нағыз IT-бағдарлама.",Сынақ сабаққа жазылу,Фундамент для любого языка — на базе Гарвардского CS50,"Настоящая база Computer Science: 49 занятий, 11 модулей. Не кружок — настоящая IT-программа.",Записаться на пробный урок,Записаться
16,Выбор направления,"Сайт, қосымша, ойын әлде бот — балаңызға қайсысы жақын?","Білмесеңіз — бұл қалыпты. Сынақ сабаққа жазылып, бірге шешейік.",Сынақ сабаққа жазылу,"Сайт, приложение, игра или бот — что ближе вашему ребёнку?","Не знаете — это нормально. Запишитесь на пробный урок, решим вместе.",Записаться на пробный урок,Записаться
17,AI,AI-ды жоқтай сыңай танытпаймыз — онымен жұмыс істеуді үйретеміз,"AI — құрал, алмастырушы емес. Жобаны оқушы өзі қорғайды.",Сынақ сабаққа жазылу,"Мы не делаем вид, что AI нет, — учим с ним работать","AI — инструмент, а не замена. Проект ученик защищает сам.",Записаться на пробный урок,Записаться
18,Портфолио,Курс соңында — портфолиода нақты жоба,"Қосымша, ойын, сайт немесе бот + GitHub-тағы портфолио, оны кейін көрсетуге болады.",Сынақ сабаққа жазылу,В конце курса — реальный проект в портфолио,"Приложение, игра, сайт или бот + портфолио на GitHub, которое можно показать.",Записаться на пробный урок,Записаться
19,Контроль родителя,Балаңыздың өсуін көріп отырасыз,Әр 3 апта сайын — ата-анаға прогресс есебі және сертификат.,Сынақ сабаққа жазылу,"Вы видите, как растёт ваш ребёнок",Каждые 3 недели — отчёт о прогрессе для родителей и сертификат.,Записаться на пробный урок,Записаться
20,Доверие к школе,Мектеп оқушыларына арналған республикалық хакатондарды біз өткіземіз,"Alfa Z — Astana Hub резиденті, тәжірибесі 5000+ оқушы командасының жаңа бренді.",Сынақ сабаққа жазылу,Республиканские хакатоны для школьников проводим мы,"Alfa Z — резидент Astana Hub, новый бренд команды с опытом 5000+ учеников.",Записаться на пробный урок,Записаться
21,Безопасность,Балаңызды кімге сеніп тапсырасыз?,Барлық ұстаздар іріктеуден өтеді және балалармен жұмыс туралы келісімге қол қояды.,Ұстазбен танысу,Кому вы доверяете ребёнка?,Все преподаватели проходят отбор и подписывают договор о работе с детьми.,Познакомиться с преподавателем,Записаться
22,Польза экранного времени,Экран алдындағы уақыт пайдаға асса,"Аптасына 2 тірі сабақ, 1 сағаттан: бала тұтынбайды — жасайды.",Сынақ сабаққа жазылу,Пусть время у экрана станет полезным,"2 живых занятия в неделю по часу: ребёнок не потребляет, а создаёт.",Записаться на пробный урок,Записаться
23,Оффер: цена,Сынақ сабақ — 3000 ₸,Екеуара кинаға барудан арзан — ал баланың болашағы туралы әлдеқайда көп түсінік береді.,Сынақ сабаққа жазылу,Пробный урок — 3000 ₸,"Дешевле, чем сходить вдвоём в кино, — а понимания о будущем ребёнка даёт гораздо больше.",Записаться на пробный урок,Записаться
24,Оффер: без обязательств,Ұнамаса — ешқандай міндеттеме жоқ,"60 минут, онлайн, тірі ментормен. Жалғастыруға ешкім мәжбүрлемейді.",Сынақ сабаққа жазылу,Не понравится — никаких обязательств,"60 минут, онлайн, с живым ментором. Продолжать никто не заставляет.",Записаться на пробный урок,Записаться
25,Оффер: результат урока,60 минут — және жұмыс істейтін мини-жоба,Сынақ сабақ соңында — өз мини-жобасы және «әрі қарай не?» деген сұраққа нақты жауап.,Баланы сынақ сабаққа жазыңыз,60 минут — и работающий мини-проект,В конце пробного урока — свой мини-проект и понятный ответ на вопрос «а что дальше?».,Записать ребёнка на пробный урок,Записаться
26,Оффер: проверить интерес,Бір сабақта түсінесіз: бұл балаңызға ұнай ма?,Ұнаса — жалғастырасыз. Ұнамаса — бір сабақта жарты жыл мен ақшаны үнемдедіңіз.,Сынақ сабаққа жазылу,За один урок поймёте: нравится ли это ребёнку,Понравится — продолжите. Не понравится — вы за один урок сэкономили полгода и деньги.,Записаться на пробный урок,Записаться
27,Оффер: с нуля,Тәжірибе керек емес — нөлден бастаймыз,"Сынақ сабақ жаңадан бастаушыларға арналған: 60 минут, онлайн, 3000 ₸.",Сынақ сабақтан бастаңыз,Опыт не нужен — начинаем с нуля,"Пробный урок рассчитан на новичков: 60 минут, онлайн, 3000 ₸.",Начните с пробного урока,Записаться
28,Язык,IT — қазақша да,Курстар қазақ және орыс тілдерінде. Балаңыз өзіне ыңғайлы тілде оқиды.,Сынақ сабаққа жазылу,IT — и на казахском,Курсы на казахском и русском. Ребёнок учится на удобном ему языке.,Записаться на пробный урок,Записаться
29,Почему сейчас: без потока,"Күтудің қажеті жоқ — ағын жоқ, бірден старт","Сабақтар төлемнен кейін бірден басталады, уақытты өзіңізге ыңғайлы таңдайсыз.",Ыңғайлы уақыт таңдау,"Ждать не нужно — без потоков, старт сразу","Занятия начинаются сразу после оплаты, время выбираете удобное.",Выбрать удобное время,Записаться
30,Почему сейчас: возраст,12–17 жас — IT-ге алғашқы қадам жасайтын уақыт,"Сынақ сабаққа бүгін жазылыңыз: 60 минут, онлайн, міндеттемесіз.",Сынақ сабаққа жазылу,12–17 лет — время сделать первый шаг в IT,"Запишитесь на пробный урок сегодня: 60 минут, онлайн, без обязательств.",Записаться на пробный урок,Записаться
